x,y,diameter,name
320,179,130.19838,salsa
572,179,202.42526,Rock
773,179,171.14072,Regueton
140,179,150.758068,Popular
